s0,s1,s2,s3,action
0.013696169,-0.02302133,-0.045902647,-0.048347235,0
0.013235742,-0.21745604,-0.04686959,0.22950698,1
0.008886621,-0.021696746,-0.042279452,-0.0775841,0
0.0084526865,-0.2161879,-0.043831136,0.20146546,0
0.0041289283,-0.41065645,-0.039801825,0.48000592,1
-0.0040842006,-0.2149959,-0.030201707,0.17504889,1
-0.008384119,-0.019455038,-0.02670073,-0.12700662,0
-0.00877322,-0.21418451,-0.029240862,0.15713438,0
-0.01305691,-0.40887588,-0.026098175,0.440451,1
-0.021234427,-0.21339448,-0.017289154,0.13965678,0
-0.025502317,-0.4082646,-0.014496019,0.4268355,1
-0.03366761,-0.21294037,-0.0059593087,0.12961826,1
-0.037926417,-0.01773355,-0.0033669434,-0.1649388,0
-0.038281087,-0.21280715,-0.006665719,0.12668006,1
-0.04253723,-0.017590337,-0.004132118,-0.16809835,0
-0.042889036,-0.21265289,-0.007494085,0.12327816,0
-0.047142096,-0.40766668,-0.0050285216,0.4135874,1
-0.05529543,-0.21247382,0.003243226,0.11932341,1
-0.059544906,-0.017398488,0.0056296946,-0.17233454,0
-0.059892874,-0.21260056,0.0021830036,0.12211905,0
-0.06414489,-0.4077537,0.0046253847,0.41548988,1
-0.07229996,-0.21269763,0.012935182,0.12426874,1
-0.07655391,-0.017763356,0.015420557,-0.16430536,0
-0.07690918,-0.21310262,0.01213445,0.13320217,1
-0.08117123,-0.018156568,0.014798493,-0.15562795,0
-0.08153436,-0.21348724,0.011685934,0.14168657,1
-0.085804105,-0.018534588,0.014519665,-0.14728685,0
-0.0861748,-0.21386142,0.011573928,0.14994115,0
-0.09045203,-0.40914717,0.014572752,0.44625282,1
-0.09863497,-0.21423438,0.023497807,0.15819892,1
-0.10291966,-0.0194566,0.026661785,-0.1269794,0
-0.10330879,-0.21495016,0.024122199,0.17399436,1
-0.1076078,-0.020181594,0.027602086,-0.11098225,0
-0.108011425,-0.21568798,0.02538244,0.19027959,1
-0.112325184,-0.020938167,0.029188033,-0.09428938,0
-0.11274395,-0.21646604,0.027302245,0.20745757,1
-0.11707327,-0.021744922,0.031451397,-0.07648939,0
-0.117508166,-0.2173033,0.029921608,0.2259483,1
-0.12185424,-0.022621477,0.034440573,-0.057148088,1
-0.12230667,0.17199016,0.033297613,-0.3387689,0
-0.11886686,-0.023589386,0.026522234,-0.035774514,0
-0.11933865,-0.21908143,0.025806744,0.26515704,1
-0.12372028,-0.024337143,0.031109886,-0.019275779,1
-0.12420702,0.17032516,0.03072437,-0.30198312,0
-0.12080052,-0.025220904,0.024684707,0.00022909392,0
-0.12130494,-0.22068802,0.024689289,0.300597,1
-0.1257187,-0.025926508,0.03070123,0.01580169,1
-0.12623723,0.168742,0.031017262,-0.26703873,0
-0.12286238,-0.026808575,0.025676489,0.035263665,0
-0.12339856,-0.22228914,0.026381763,0.33593592,1
-0.12784433,-0.02755238,0.033100482,0.051687762,1
-0.1283954,0.1670797,0.034134235,-0.23037067,0
-0.1250538,-0.028512973,0.029526822,0.072880946,1
-0.12562405,0.1661735,0.03098444,-0.21034186,0
-0.12230058,-0.029377457,0.026777605,0.091951765,1
-0.12288813,0.16535066,0.028616639,-0.192164,0
-0.11958112,-0.030168733,0.02477336,0.10940714,1
-0.120184496,0.16458963,0.026961502,-0.17535813,0
-0.1168927,-0.030907605,0.02345434,0.12570685,1
-0.117510855,0.16387062,0.025968477,-0.15948519,0
-0.11423344,-0.031613298,0.022778774,0.1412757,1
-0.114865705,0.16317514,0.025604287,-0.14413476,0
-0.1116022,-0.032303967,0.022721592,0.15651461,1
-0.11224829,0.16248542,0.025851885,-0.12891448,1
-0.108998574,0.35722768,0.023273595,-0.41333064,0
-0.10185402,0.1617837,0.015006982,-0.11340225,1
-0.09861835,0.35668743,0.012738937,-0.40131304,0
-0.0914846,0.16138713,0.0047126757,-0.104641214,0
-0.08825686,-0.03380204,0.0026198514,0.18952481,1
-0.088932894,0.16128233,0.0064103473,-0.102330506,1
-0.08570725,0.35631183,0.004363737,-0.39298412,0
-0.07858101,0.16112822,-0.0034959451,-0.09892856,1
-0.07535845,0.35630012,-0.005474516,-0.3927124,0
-0.06823245,0.16125627,-0.013328765,-0.10176053,1
-0.06500732,0.3565667,-0.015363975,-0.39861867,0
-0.057875987,0.16166602,-0.023336349,-0.11081901,0
-0.054642666,-0.033113893,-0.02555273,0.17441104,1
-0.055304945,0.16236427,-0.022064507,-0.12622215,0
-0.05205766,-0.032434754,-0.02458895,0.1594188,1
-0.052706353,0.16303045,-0.021400575,-0.14091878,0
-0.049445745,-0.031778574,-0.02421895,0.14493655,1
-0.050081316,0.16368169,-0.021320218,-0.15528753,0
-0.046807684,-0.031128611,-0.02442597,0.13059384,1
-0.047430255,0.16433457,-0.021814093,-0.16969399,0
-0.044143565,-0.03046847,-0.025207972,0.116028205,1
-0.044752933,0.16500543,-0.022887409,-0.18449984,0
-0.041452825,-0.029781692,-0.026577406,0.100875996,0
-0.042048458,-0.22451286,-0.024559885,0.38505676,1
-0.046538714,-0.029051008,-0.016858751,0.08473252,1
-0.047119737,0.16630849,-0.0151641,-0.21322133,1
-0.043793567,0.36164394,-0.019428527,-0.51064885,0
-0.03656069,0.16680098,-0.029641503,-0.22415124,0
-0.03322467,-0.027885057,-0.034124527,0.059036218,0
-0.03378237,-0.22250153,-0.032943804,0.34076032,1
-0.0382324,-0.026926717,-0.026128598,0.03787354,0
-0.038770933,-0.22166443,-0.025371127,0.32219946,1
-0.043204222,-0.026190547,-0.018927138,0.021624697,1
-0.043728035,0.16919765,-0.018494643,-0.27696934,0
-0.04034408,-0.025655627,-0.02403403,0.009823465,0
-0.040857192,-0.2204248,-0.023837563,0.29482752,0
-0.04526569,-0.41519895,-0.017941011,0.5798982,1
-0.053569667,-0.21983023,-0.0063430485,0.28161788,1
-0.057966273,-0.024618378,-0.0007106909,-0.013058857,1
-0.05845864,0.17051376,-0.00097186805,-0.30596593,1
-0.055048365,0.36564955,-0.0070911865,-0.5989552,0
-0.047735374,0.17062752,-0.01907029,-0.30851433,0
-0.044322822,-0.024217583,-0.025240578,-0.021906124,0
-0.044807173,-0.21896863,-0.0256787,0.26270747,0
-0.049186546,-0.41371483,-0.02042455,0.5471817,1
-0.057460845,-0.21831195,-0.009480916,0.24813417,0
-0.061827082,-0.41329724,-0.004518233,0.5378116,1
-0.07009303,-0.21811205,0.006237999,0.24370845,1
-0.07445527,-0.023079753,0.011112168,-0.04700035,1
-0.07491686,0.17188111,0.010172161,-0.33615667,0
-0.07147924,-0.023384115,0.0034490274,-0.04028343,1
-0.07194693,0.17168821,0.002643359,-0.33187616,0
-0.06851316,-0.02347127,-0.0039941645,-0.038360823,0
-0.068982586,-0.21853572,-0.004761381,0.25305924,0
-0.0733533,-0.41358936,0.00029980383,0.54423654,1
-0.08162509,-0.21847162,0.011184535,0.2516481,1
-0.08599452,-0.023511153,0.016217496,-0.03748614,1
-0.08646474,0.17137453,0.015467773,-0.32500848,0
-0.08303725,-0.023964204,0.008967604,-0.027488092,1
-0.08351654,0.171028,0.008417842,-0.3173282,0
-0.08009598,-0.024212826,0.002071278,-0.022002518,0
-0.080580235,-0.21936442,0.0016312276,0.2713332,0
-0.084967524,-0.41450962,0.0070578917,0.5645302,1
-0.09325771,-0.2194874,0.018348495,0.27407914,1
-0.09764746,-0.02463198,0.023830079,-0.012760623,1
-0.0981401,0.17014025,0.023574864,-0.29783064,0
-0.09473729,-0.025309684,0.017618252,0.0021931634,1
-0.09524349,0.16955522,0.017662115,-0.28487933,0
-0.09185238,-0.025814118,0.011964529,0.013321362,0
-0.09236867,-0.22110559,0.012230956,0.3097551,1
-0.096790776,-0.026160024,0.018426059,0.020954426,1
-0.09731398,0.1686929,0.018845147,-0.26585838,0
-0.093940124,-0.02669288,0.013527979,0.032708384,1
-0.09447398,0.16823249,0.014182147,-0.25567582,0
-0.09110933,-0.02708905,0.009068631,0.041446447,0
-0.09165111,-0.22233987,0.00989756,0.33697677,1
-0.09609791,-0.027360149,0.016637094,0.04743135,1
-0.09664511,0.16751933,0.01758572,-0.23995633,0
-0.093294725,-0.02784936,0.012786595,0.058221325,1
-0.09385171,0.16708694,0.013951021,-0.23040007,0
-0.09050997,-0.028231556,0.00934302,0.06665064,1
-0.0910746,0.1667552,0.010676033,-0.22306994,0
-0.0877395,-0.028517697,0.006214634,0.07296142,1
-0.088309854,0.1665146,0.0076738624,-0.2177543,0
-0.084979564,-0.028716194,0.0033187764,0.07733938,0
-0.085553885,-0.22388557,0.004865564,0.37106755,1
-0.090031594,-0.028833076,0.0122869145,0.07992274,1
-0.090608254,0.1661106,0.0138853695,-0.20885845,0
-0.08728605,-0.029207112,0.009708201,0.088172056,1
-0.08787019,0.16577435,0.011471642,-0.20143218,0
-0.0845547,-0.029509775,0.0074429982,0.094847314,1
-0.08514489,0.16550471,0.009339944,-0.1954781,0
-0.0818348,-0.029749585,0.0054303827,0.10013648,1
-0.0824298,0.16529413,0.0074331122,-0.19082823,0
-0.079123914,-0.029933376,0.0036165474,0.10419023,1
-0.079722576,0.16513656,0.005700352,-0.1873495,1
-0.076419845,0.3601765,0.001953362,-0.47822875,0
-0.06921632,0.16502702,-0.007611213,-0.1849308,0
-0.06591578,-0.029985208,-0.01130983,0.10534138,0
-0.06651548,-0.22494327,-0.009203002,0.39443475,1
-0.071014345,-0.02969195,-0.0013143063,0.09886453,1
-0.071608186,0.16544881,0.0006629844,-0.19423276,1
-0.06829921,0.36056128,-0.0032216709,-0.48670647,0
-0.061087985,0.16548494,-0.012955801,-0.19504064,0
-0.057778284,-0.029449325,-0.016856613,0.093527295,0
-0.05836727,-0.22432567,-0.014986067,0.38084468,1
-0.06285378,-0.028994154,-0.007369174,0.08347456,1
-0.06343367,0.16623265,-0.0056996825,-0.21152422,1
-0.060109016,0.36143562,-0.009930167,-0.5059996,0
-0.052880302,0.16645502,-0.020050159,-0.21646252,0
-0.049551204,-0.028374657,-0.02437941,0.069828875,0
-0.050118696,-0.22313876,-0.022982832,0.35472137,1
-0.05458147,-0.027697688,-0.015888404,0.054880835,0
-0.055135425,-0.22258826,-0.014790788,0.3425088,1
-0.059587188,-0.027259039,-0.007940612,0.045198686,1
-0.06013237,0.16797587,-0.0070366384,-0.24997896,1
-0.056772854,0.3631976,-0.012036217,-0.54487306,0
-0.0495089,0.16824682,-0.022933679,-0.25600666,0
-0.046143964,-0.026540307,-0.02805381,0.029355314,0
-0.04667477,-0.22124895,-0.027466705,0.31305662,0
-0.05109975,-0.41596907,-0.021205572,0.59695244,1
-0.059419133,-0.22055689,-0.009266525,0.2976661,1
-0.06383027,-0.025304077,-0.0033132026,0.0020751283,1
-0.06433635,0.16986524,-0.0032717,-0.2916513,0
-0.060939047,-0.025209917,-0.009104726,-2.0303758e-06,0
-0.061443243,-0.22020012,-0.009104767,0.2897944,0
-0.06584725,-0.41519105,-0.003308879,0.57959193,1
-0.07415107,-0.2200229,0.008282959,0.28586847,1
-0.07855152,-0.025020052,0.014000329,-0.0041906023,1
-0.07905193,0.16989835,0.013916517,-0.29242358,1
-0.07565396,0.36481914,0.008068046,-0.58068514,0
-0.06835758,0.16958506,-0.0035456575,-0.2854716,0
-0.064965874,-0.025486136,-0.009255089,0.006090964,0
-0.0654756,-0.22047414,-0.00913327,0.2958395,0
-0.06988508,-0.4154647,-0.00321648,0.585628,1
-0.07819437,-0.22029784,0.00849608,0.29193357,1
-0.08260033,-0.02529806,0.014334751,0.0019422715,1
-0.083106294,0.1696154,0.014373597,-0.28618363,1
-0.079713985,0.36452946,0.008649925,-0.5742988,0
-0.0724234,0.16928731,-0.0028360514,-0.27890348,0
-0.06903765,-0.025794074,-0.008414121,0.012883611,0
-0.06955353,-0.22079435,-0.008156449,0.30289996,0
-0.07396942,-0.4157991,-0.0020984497,0.5929994,1
-0.082285404,-0.22064786,0.009761538,0.2996562,1
-0.08669836,-0.02566639,0.015754662,0.010067789,1
-0.08721168,0.16922611,0.015956018,-0.277603,1
-0.08382716,0.36411685,0.010403957,-0.565211,0
-0.07654483,0.16885048,-0.00090026273,-0.26926863,0
-0.073167816,-0.026258608,-0.0062856353,0.02313022,0
-0.07369299,-0.22128986,-0.0058230306,0.31382334,0
-0.078118786,-0.41632837,0.0004534362,0.6046642,1
-0.086445354,-0.22121276,0.01254672,0.31212413,1
-0.090869606,-0.026271788,0.018789204,0.02342432,1
-0.09139504,0.16857573,0.019257689,-0.2632717,1
-0.08802353,0.3634176,0.013992256,-0.5498189,0
-0.08075518,0.16810192,0.0029958785,-0.25276044,0
-0.07739314,-0.02706268,-0.0020593302,0.040865935,0
-0.07793439,-0.22215503,-0.0012420116,0.3328984,1
-0.08237749,-0.027015433,0.0054159565,0.039824076,1
-0.0829178,0.16802843,0.006212438,-0.25114515,0
-0.07955723,-0.027181674,0.001189535,0.043490805,0
-0.080100864,-0.22232066,0.0020593512,0.3365488,1
-0.08454728,-0.027228078,0.008790327,0.044515997,1
-0.085091844,0.16776672,0.009680647,-0.2453806,0
-0.081736505,-0.027492143,0.0047730356,0.050340056,1
-0.08228635,0.16756104,0.005779837,-0.24083312,0
-0.07893513,-0.027642991,0.00096317416,0.053667303,0
-0.07948799,-0.22277874,0.0020365203,0.34665397,1
-0.08394356,-0.027685817,0.008969599,0.05461392,1
-0.08449728,0.16730638,0.010061878,-0.23522559,1
-0.08115115,0.36228314,0.0053573665,-0.52471775,0
-0.07390549,0.16708621,-0.005136989,-0.23035152,0
-0.07056376,-0.027961962,-0.009744019,0.060706608,0
-0.071123004,-0.22294286,-0.008529888,0.3502994,1
-0.07558186,-0.027700644,-0.0015238998,0.054938946,0
-0.076135874,-0.22280072,-0.00042512093,0.34714067,1
-0.08059189,-0.027672715,0.006517693,0.05432373,1
-0.081145346,0.16735518,0.0076041673,-0.23629571,1
-0.07779824,0.36236766,0.002878253,-0.5265704,0
-0.07055089,0.16720533,-0.0076531544,-0.23298189,0
-0.06720678,-0.027806433,-0.012312792,0.057277188,0
-0.06776291,-0.2227497,-0.011167249,0.34605005,1
-0.072217904,-0.02747069,-0.0042462475,0.049866702,0
-0.07276732,-0.2225315,-0.0032489134,0.34120688,1
-0.077217944,-0.027363472,0.0035752242,0.04750121,1
-0.07776522,0.16770703,0.0045252484,-0.24405156,1
-0.07441108,0.36276406,-0.0003557829,-0.5353037,0
-0.06715579,0.16764711,-0.0110618565,-0.24273288,0
-0.06380285,-0.027315103,-0.015916513,0.046440423,0
-0.06434915,-0.22220525,-0.014987706,0.33405936,0
-0.06879326,-0.4171107,-0.008306519,0.6219785,1
-0.07713547,-0.22187376,0.0041330513,0.3266911,1
-0.08157295,-0.026810896,0.010666873,0.0353144,1
-0.08210917,0.16815647,0.011373161,-0.25398403,1
-0.078746036,0.3631142,0.0062934803,-0.54305804,0
-0.07148375,0.16790438,-0.004567681,-0.24839886,0
-0.068125665,-0.027152047,-0.009535658,0.04283984,0
-0.06866871,-0.22213598,-0.008678861,0.332499,1
-0.07311142,-0.02689157,-0.0020288813,0.037091862,0
-0.07364926,-0.22198437,-0.0012870441,0.32913396,1
-0.07808895,-0.026844118,0.005295635,0.036045443,1
-0.07862583,0.16820149,0.006016544,-0.25496197,1
-0.075261794,0.36323702,0.00091730483,-0.54574114,0
-0.06799705,0.1681022,-0.009997518,-0.2527693,0
-0.064635016,-0.026875582,-0.015052903,0.036743525,0
-0.06517252,-0.22177847,-0.014318033,0.32463935,0
-0.06960809,-0.41669366,-0.007825246,0.6127728,1
-0.07794197,-0.22146323,0.00443021,0.31763554,1
-0.082371235,-0.026404656,0.010782921,0.02635302,1
-0.082899325,0.16856101,0.011309981,-0.26290837,1
-0.0795281,0.36351973,0.006051814,-0.55200267,0
-0.07225771,0.1683133,-0.004988239,-0.25741917,0
-0.06889144,-0.026737086,-0.010136622,0.033686236,0
-0.06942619,-0.22171222,-0.009462898,0.3231538,0
-0.07386043,-0.41669816,-0.0029998217,0.61283755,1
-0.082194395,-0.2215344,0.009256929,0.3192113,1
-0.086625084,-0.02654551,0.015641155,0.029461984,1
-0.08715599,0.16834868,0.016230395,-0.25824523,1
-0.08378902,0.3632352,0.011065491,-0.545765,0
-0.07652432,0.16795954,0.00015019026,-0.24961624,0
-0.073165126,-0.027164554,-0.0048421347,0.04311406,0
-0.073708415,-0.22221674,-0.0039798534,0.33426532,1
-0.078152746,-0.02703837,0.0027054532,0.040330015,1
-0.07869352,0.16804469,0.0035120533,-0.2514981,0
-0.07533262,-0.027127244,-0.0015179084,0.042290535,0
-0.07587517,-0.2222274,-0.00067209767,0.33449417,1
-0.08031972,-0.027095886,0.0060177855,0.041599367,1
-0.080861636,0.16793926,0.0068497728,-0.24917883,1
-0.07750285,0.36296272,0.0018661963,-0.53969336,0
-0.0702436,0.16781458,-0.00892767,-0.24642299,0
-0.066887304,-0.027178727,-0.013856131,0.04343062,0
-0.067430876,-0.22209927,-0.012987518,0.3317098,0
-0.07187286,-0.41703397,-0.006353322,0.62026894,1
-0.08021354,-0.22182387,0.0060520573,0.32559186,1
-0.08465002,-0.026788611,0.0125638945,0.03482362,1
-0.08518579,0.16815093,0.013260366,-0.25386894,1
-0.081822775,0.36308107,0.008182988,-0.54234,0
-0.07456115,0.16784507,-0.0026638117,-0.24709003,0
-0.07120425,-0.027238738,-0.0076056123,0.044751488,0
-0.071749024,-0.2222508,-0.0067105824,0.3350251,1
-0.07619404,-0.027033998,-1.0080478e-05,0.040233582,0
-0.07673472,-0.22215581,0.0007945912,0.33291334,1
-0.08117784,-0.027045172,0.0074528577,0.040481083,1
-0.08171874,0.16796912,0.00826248,-0.24984111,1
-0.07835936,0.3629721,0.0032656572,-0.53990644,0
-0.071099915,0.1678044,-0.0075324723,-0.24619637,0
-0.06774383,-0.02720916,-0.012456399,0.044101153,0
-0.06828801,-0.2221503,-0.011574376,0.33282807,0
-0.07273102,-0.41710562,-0.004917815,0.6218387,1
-0.08107313,-0.22191533,0.0075189588,0.32761097,1
-0.08551144,-0.02690123,0.014071179,0.037308637,1
-0.08604946,0.16801614,0.014817351,-0.2509017,1
-0.082689136,0.3629234,0.009799317,-0.5388743,0
-0.07543067,0.16766506,-0.0009781696,-0.24311996,0
-0.07207737,-0.027442895,-0.005840569,0.049254272,0
-0.072626226,-0.22248061,-0.0048554833,0.34008875,1
-0.07707584,-0.027289912,0.0019462917,0.045878638,1
-0.07762164,0.16780408,0.0028638644,-0.24618958,1
-0.074265555,0.362885,-0.0020599272,-0.5379678,0
-0.067007855,0.16779208,-0.012819284,-0.24593465,0
-0.063652016,-0.02714446,-0.017737977,0.042677365,0
-0.0641949,-0.22200762,-0.01688443,0.32971144,0
-0.068635054,-0.4168852,-0.010290201,0.61702234,1
-0.07697276,-0.22162102,0.0020502466,0.3211163,1
-0.08140518,-0.026528321,0.008472573,0.02908066,1
-0.08193575,0.16847111,0.009054186,-0.2609171,1
-0.07856632,0.36346266,0.0038358443,-0.5507305,0
-0.07129707,0.16828704,-0.0071787657,-0.2568415,0
-0.06793133,-0.026731694,-0.012315596,0.033568513,0
-0.06846596,-0.22167489,-0.011644226,0.32234043,0
-0.07289946,-0.4166291,-0.005197417,0.6113286,1
-0.08123204,-0.2214349,0.0070291553,0.31701323,1
-0.08566074,-0.02641377,0.01336942,0.026555307,1
-0.08618902,0.16851392,0.013900526,-0.26187962,1
-0.08281874,0.36343473,0.0086629335,-0.5501459,0
-0.07555004,0.16819218,-0.0023399852,-0.25474623,0
-0.0721862,-0.026896292,-0.0074349097,0.03719771,0
-0.07272413,-0.22191083,-0.0066909557,0.32752562,0
-0.07716234,-0.4169369,-0.00014044355,0.618091,1
-0.08550108,-0.22181298,0.012221376,0.32536387,1
-0.089937344,-0.026867157,0.018728655,0.03655995,1
-0.09047468,0.16798128,0.019459853,-0.25015554,1
-0.08711506,0.36282,0.0144567415,-0.5366375,0
-0.07985866,0.16749781,0.0037239925,-0.23943464,0
-0.0765087,-0.027677143,-0.0010647005,0.0544206,0
-0.07706224,-0.22278382,2.371152e-05,0.34676743,1
-0.08151792,-0.027662199,0.0069590597,0.054091968,1
-0.08207116,0.16735928,0.008040899,-0.23638722,1
-0.07872398,0.36236542,0.0033131547,-0.526523,0
-0.07147667,0.16719702,-0.0072173052,-0.23279792,0
-0.06813273,-0.027821064,-0.011873264,0.057599723,0
-0.06868915,-0.22277078,-0.010721269,0.34651303,1
-0.07314457,-0.027497979,-0.0037910088,0.050468665,0
-0.07369453,-0.22256537,-0.0027816354,0.3419531,1
-0.07814583,-0.02740395,0.0040574265,0.0483943,1
-0.07869391,0.16765958,0.0050253123,-0.24300572,1
-0.07534072,0.3627094,0.00016519803,-0.5340993,0
-0.068086535,0.16758512,-0.010516788,-0.24136433,0
-0.06473483,-0.027385034,-0.015344075,0.047982853,0
-0.06528253,-0.22228365,-0.014384418,0.33578536,0
-0.0697282,-0.41719794,-0.0076687103,0.62389773,1
-0.07807216,-0.22196978,0.004809244,0.3288095,1
-0.08251156,-0.026916623,0.011385434,0.037647054,1
-0.08304989,0.16804023,0.012138375,-0.25142202,1
-0.079689085,0.36298674,0.007109935,-0.5402517,0
-0.07242935,0.16776559,-0.003695099,-0.24533702,0
-0.06907404,-0.02730339,-0.00860184,0.046178088,0
-0.06962011,-0.22230095,-0.007678278,0.3361347,1
-0.074066125,-0.02707057,-0.0009555839,0.04104037,0
-0.074607536,-0.2221788,-0.00013477649,0.33342165,1
-0.079051115,-0.027054938,0.0065336563,0.040696222,1
-0.07959221,0.16797271,0.007347581,-0.24991813,1
-0.07623276,0.36298898,0.0023492181,-0.54027444,0
-0.06897298,0.16783407,-0.008456271,-0.24685225,0
-0.065616295,-0.027166085,-0.0133933155,0.043151423,0
-0.06615962,-0.22209345,-0.012530288,0.33157873,0
-0.070601486,-0.4170348,-0.005898713,0.620284,1
-0.07894219,-0.22183098,0.0065069674,0.32574916,1
-0.08337881,-0.02680228,0.013021951,0.03512532,1
-0.083914846,0.16813053,0.013724457,-0.25342077,1
-0.08055224,0.36305386,0.008656042,-0.54174334,0
-0.07329116,0.16781132,-0.0021788254,-0.24634567,0
-0.069934934,-0.027279446,-0.007105739,0.045649208,0
-0.070480525,-0.22229879,-0.006192755,0.33608177,1
-0.0749265,-0.027089255,0.00052888057,0.041452426,1
-0.07546829,0.1680251,0.0013579291,-0.2510636,1
-0.072107784,0.36312765,-0.0036633427,-0.5433179,0
-0.06484523,0.16805737,-0.0145297,-0.25179145,0
-0.061484084,-0.026854128,-0.01956553,0.03627334,0
-0.062021166,-0.22169012,-0.018840063,0.32271948,0
-0.06645497,-0.4165388,-0.012385673,0.609402,1
-0.07478575,-0.22124591,-0.00019763313,0.31284383,1
-0.07921066,-0.026121147,0.006059244,0.02009859,1
-0.07973309,0.16891338,0.006461215,-0.27066642,1
-0.07635482,0.36394253,0.0010478867,-0.56130445,0
-0.069075964,0.1688059,-0.010178203,-0.2682916,0
-0.065699846,-0.026169326,-0.015544035,0.021163756,0
-0.066223234,-0.22106495,-0.01512076,0.3089021,0
-0.070644535,-0.41596824,-0.008942718,0.5967783,1
-0.0789639,-0.22072229,0.0029928482,0.30129194,0
-0.083378345,-0.41588676,0.009018687,0.59491724,1
-0.091696076,-0.22089219,0.020917032,0.30508873,1
-0.09611392,-0.02607447,0.027018806,0.019075247,1
-0.096635416,0.1686498,0.027400311,-0.264962,1
-0.09326242,0.36337015,0.022101073,-0.5488782,0
-0.08599501,0.16794483,0.011123508,-0.24931462,0
-0.08263612,-0.027334193,0.0061372155,0.04685604,1
-0.083182804,0.16769922,0.0070743365,-0.24388424,0
-0.07982881,-0.02752306,0.0021966517,0.051021688,0
-0.08037928,-0.22267644,0.0032170853,0.34439686,1
-0.08483281,-0.0276004,0.010105023,0.052730147,1
-0.085384816,0.1673752,0.011159626,-0.23674752,1
-0.08203731,0.36233595,0.006424675,-0.5258896,0
-0.07479059,0.1671242,-0.004093116,-0.23118913,0
-0.07144811,-0.027939027,-0.008716899,0.06019989,0
-0.07200689,-0.22293492,-0.007512901,0.3501199,1
-0.076465584,-0.02770693,-0.00051050325,0.05507739,0
-0.07701972,-0.22282156,0.0005910445,0.3475992,1
-0.08147616,-0.027708018,0.007543029,0.05510271,1
-0.08203032,0.16730496,0.008645083,-0.23519082,1
-0.07868422,0.36230233,0.0039412663,-0.5251343,0
-0.07143817,0.16712515,-0.00656142,-0.23121208,0
-0.06809567,-0.027902428,-0.011185662,0.059393946,0
-0.06865372,-0.22286223,-0.009997783,0.34852684,1
-0.07311096,-0.027599517,-0.003027246,0.052708108,0
-0.07366295,-0.22267793,-0.001973084,0.34443438,1
-0.07811651,-0.027527966,0.0049156034,0.051129915,1
-0.07866707,0.16752316,0.0059382017,-0.23999806,1
-0.07531661,0.36255977,0.0011382408,-0.530802,0
-0.06806541,0.16742183,-0.0094778,-0.23776063,0
-0.06471697,-0.027563442,-0.014233012,0.05191771,0
-0.06526824,-0.22247845,-0.013194658,0.34007624,0
-0.06971781,-0.4174102,-0.006393133,0.6285693,1
-0.078066014,-0.2221996,0.0061782524,0.33387983,1
-0.08251001,-0.027166132,0.012855849,0.04315159,1
-0.08305333,0.16776913,0.013718881,-0.24544764,1
-0.079697944,0.36269248,0.008809928,-0.53377193,0
-0.072444096,0.16744775,-0.0018655101,-0.2383261,1
-0.06909514,0.3625963,-0.006632032,-0.5315969,0
-0.061843216,0.16756827,-0.01726397,-0.24101105,0
-0.058491852,-0.027302878,-0.02208419,0.046176746,0
-0.05903791,-0.22210132,-0.021160655,0.33181092,0
-0.06347994,-0.41691577,-0.0145244375,0.6177464,1
-0.07181825,-0.22159396,-0.002169509,0.32052457,1
-0.07625013,-0.026441185,0.0042409827,0.027158262,1
-0.076778956,0.16861969,0.0047841477,-0.26418358,1
-0.07340656,0.36367303,-0.00049952365,-0.5553537,0
-0.0661331,0.16855809,-0.011606597,-0.2628282,0
-0.06276193,-0.026396275,-0.016863162,0.026171397,0
-0.06328986,-0.22127238,-0.016339734,0.31348646,0
-0.06771531,-0.4161578,-0.0100700045,0.6009719,1
-0.076038465,-0.22089644,0.0019494337,0.30513418,1
-0.08045639,-0.025802324,0.008052117,0.013066692,1
-0.08097244,0.16920324,0.008313451,-0.27706486,1
-0.07758838,0.3642056,0.002772154,-0.5671142,0
-0.07030427,0.16904487,-0.008570129,-0.27355918,0
-0.066923365,-0.025953759,-0.014041313,0.01640842,0
-0.06744244,-0.22087155,-0.013713145,0.30462828,0
-0.071859874,-0.41579542,-0.0076205796,0.59295505,1
-0.08017578,-0.22056763,0.0042385217,0.29788142,0
-0.084587134,-0.41574976,0.01019615,0.5918981,1
-0.09290213,-0.22077201,0.022034112,0.3024443,1
-0.09731757,-0.02597091,0.028082998,0.016791102,1
-0.097836986,0.16873728,0.02841882,-0.2669007,1
-0.09446224,0.36344236,0.023080807,-0.5504864,0
-0.08719339,0.16800395,0.01207108,-0.2506217,0
-0.083833314,-0.027288284,0.0070586456,0.04584412,1
-0.084379084,0.16773175,0.007975528,-0.24460341,0
-0.081024446,-0.02750321,0.0030834598,0.050584488,0
-0.081574515,-0.22266924,0.0040951497,0.34423867,1
-0.0860279,-0.027605783,0.010979923,0.052849915,1
-0.08658001,0.16735703,0.012036921,-0.23634863,0
-0.08323287,-0.027934812,0.0073099486,0.06010667,1
-0.08379157,0.16708156,0.0085120825,-0.23026098,0
-0.08044994,-0.028160974,0.0039068623,0.06509475,1
-0.08101316,0.16690475,0.0052087572,-0.22635299,0
-0.07767506,-0.028291259,0.0006816976,0.06796841,1
-0.07824089,0.16682091,0.0020410658,-0.22449936,0
-0.074904464,-0.028330151,-0.002448921,0.068826705,0
-0.07547107,-0.22341691,-0.0010723871,0.36073598,1
-0.07993941,-0.028279727,0.0061423327,0.06771509,1
-0.080505006,0.16675362,0.0074966345,-0.22302358,1
-0.07716993,0.36176762,0.0030361628,-0.51333237,0
-0.06993458,0.16660304,-0.007230485,-0.21969423,0
-0.06660251,-0.028414806,-0.011624369,0.07069917,0
-0.06717081,-0.2233682,-0.010210386,0.359692,1
-0.071638174,-0.028102597,-0.0030165457,0.06380708,1
-0.07220023,0.16706248,-0.0017404042,-0.22982606,1
-0.06885898,0.36220926,-0.0063369256,-0.52305746,0
-0.061614793,0.16717707,-0.016798075,-0.2323781,0
-0.05827125,-0.027700888,-0.021445638,0.054959185,0
-0.05882527,-0.22250888,-0.020346453,0.34079945,0
-0.06327545,-0.4173355,-0.013530464,0.6269975,1
-0.071622156,-0.22202735,-0.0009905146,0.3300842,1
-0.07606271,-0.026891313,0.005611169,0.037089076,1
-0.07660053,0.16814972,0.006352951,-0.2538182,1
0.031327024,0.041275557,0.010663577,0.022949656,1
0.032152534,0.23624298,0.01112257,-0.2663498,1
0.036877394,0.43120444,0.0057955747,-0.5555039,1
0.04550148,0.62624454,-0.0053145043,-0.84635526,0
0.058026373,0.4311955,-0.02224161,-0.5553483,0
0.06665029,0.23639277,-0.033348575,-0.26975498,1
0.07137814,0.43197435,-0.038743675,-0.5727669,0
0.08001763,0.23741645,-0.050199013,-0.29253685,0
0.084765956,0.04304483,-0.05604975,-0.016099023,1
0.08562685,0.23892394,-0.05637173,-0.32592627,0
0.09040533,0.044648018,-0.062890254,-0.051539812,1
0.09129829,0.24061273,-0.06392106,-0.36338332,0
0.096110545,0.046454746,-0.07118872,-0.09152111,0
0.09703964,-0.14757845,-0.07301914,0.17787969,1
0.09408807,0.048508365,-0.06946155,-0.13691531,0
0.09505824,-0.14555347,-0.07219985,0.1330702,1
0.09214717,0.05052443,-0.06953845,-0.18148872,0
0.09315766,-0.14353713,-0.073168226,0.08847227,1
0.09028692,0.052553184,-0.07139878,-0.22636849,0
0.09133798,-0.1414796,-0.07592615,0.04296574,0
0.08850839,-0.3354353,-0.075066835,0.3107603,0
0.08179968,-0.529412,-0.06885163,0.57885695,1
0.07121144,-0.33339608,-0.05727449,0.26530334,1
0.064543515,-0.13750543,-0.05196842,-0.04488032,0
0.06179341,-0.33184513,-0.052866027,0.23096387,0
0.055156507,-0.52617335,-0.048246752,0.5065136,1
0.04463304,-0.33040595,-0.038116477,0.19902515,0
0.03802492,-0.5249626,-0.034135975,0.4794446,1
0.027525669,-0.3293758,-0.024547083,0.17620127,0
0.020938152,-0.524138,-0.02102306,0.46104047,1
0.010455393,-0.3287253,-0.01180225,0.16180588,0
0.003880887,-0.52367634,-0.008566132,0.45074224,1
-0.0065926397,-0.3284343,0.0004487131,0.15537152,1
-0.013161325,-0.13331875,0.0035561435,-0.13716982,0
-0.0158277,-0.32849145,0.0008127471,0.15663289,0
-0.02239753,-0.523625,0.003945405,0.44957212,1
-0.032870032,-0.32855913,0.012936847,0.15813544,1
-0.039441213,-0.13362475,0.016099555,-0.13043831,0
-0.042113706,-0.3289736,0.01349079,0.16728003,1
-0.04869318,-0.13404731,0.01683639,-0.12111659,0
-0.051374126,-0.32940638,0.014414059,0.17683014,0
-0.057962254,-0.52473164,0.017950661,0.47402513,1
-0.06845689,-0.32986772,0.027431164,0.18705358,1
-0.07505424,-0.13514875,0.031172236,-0.09685123,0
-0.07775722,-0.3307033,0.029235212,0.20550121,1
-0.08437128,-0.13601133,0.033345237,-0.077817984,0
-0.087091506,-0.33159503,0.031788874,0.22519618,1
-0.09372341,-0.1369415,0.0362928,-0.05729226,0
-0.096462235,-0.33256453,0.035146955,0.24661678,1
-0.103113525,-0.13796172,0.040079292,-0.034776073,1
-0.105872765,0.056563254,0.03938377,-0.31454903,0
-0.1047415,-0.13909695,0.03309279,-0.009710502,0
-0.107523434,-0.3346775,0.03289858,0.29322717,1
-0.11421698,-0.14003964,0.03876312,0.011098853,1
-0.117017776,0.054505568,0.0389851,-0.26910624,0
-0.11592767,-0.14115041,0.033602975,0.03561345,0
-0.11875068,-0.33673772,0.034315243,0.3387062,1
-0.12548544,-0.14212044,0.041089367,0.05703884,1
-0.12832783,0.052389003,0.042230144,-0.22240219,0
-0.12728006,-0.14331031,0.0377821,0.08329704,1
-0.13014627,0.05125025,0.03944804,-0.19723023,0
-0.12912126,-0.1444131,0.035503436,0.10763116,1
-0.13200952,0.050182577,0.037656058,-0.17364258,0
-0.13100587,-0.1454575,0.034183208,0.13067779,1
-0.13391502,0.04915852,0.036796764,-0.15102781,0
-0.13293184,-0.14647049,0.033776205,0.15303285,1
-0.13586126,0.04815197,0.036836863,-0.128806,0
-0.13489822,-0.14747779,0.034260742,0.17526716,1
-0.13784778,0.047137517,0.037766088,-0.106413804,0
-0.13690503,-0.14850472,0.03563781,0.19794089,1
-0.13987511,0.046089854,0.03959663,-0.08329034,1
-0.13895333,0.24062249,0.03793082,-0.36322218,0
-0.13414088,0.04498254,0.030666377,-0.05882437,0
-0.13324122,-0.15056539,0.02948989,0.2433741,1
-0.13625252,0.04412321,0.034357373,-0.039863035,1
-0.13537006,0.23873606,0.033560112,-0.32151097,0
-0.13059534,0.043152668,0.027129892,-0.01843624,0
-0.1297323,-0.15234764,0.026761169,0.28268152,1
-0.13277924,0.042382587,0.032414798,-0.0014423885,1
-0.13193159,0.23702502,0.03238595,-0.2837244,0
-0.1271911,0.041456483,0.026711462,0.018994393,1
-0.12636197,0.23618539,0.02709135,-0.26514253,0
-0.12163825,0.040687446,0.0217885,0.035960663,1
-0.12082451,0.23549028,0.022507712,-0.24976891,0
-0.1161147,0.040054254,0.017512335,0.049927574,1
-0.11531361,0.23492077,0.018510886,-0.23717903,0
-0.1106152,0.039539326,0.013767306,0.061284833,1
-0.10982441,0.2344612,0.014993003,-0.22702283,0
-0.10513519,0.039128233,0.010452546,0.07035149,1
-0.10435262,0.23409878,0.011859575,-0.21901537,0
-0.09967065,0.03880933,0.0074792686,0.077384844,1
-0.09889446,0.23382327,0.009026965,-0.212929,0
-0.09421799,0.038573425,0.0047683856,0.08258773,1
-0.09344653,0.2336267,0.00642014,-0.20858696,0
-0.088773996,0.038413536,0.0022484008,0.08611426,1
-0.08800572,0.2335032,0.003970686,-0.20585845,0
-0.08333566,0.03832468,-0.00014648285,0.088074386,1
-0.08256917,0.23344873,0.0016150048,-0.20465475,0
-0.07790019,0.03830372,-0.0024780903,0.08853719,1
-0.07713412,0.2334611,-0.0007073465,-0.20492655,1
-0.0724649,0.42859316,-0.0048058773,-0.49783254,0
-0.063893035,0.2335393,-0.014762528,-0.20666803,0
-0.059222244,0.03863153,-0.018895889,0.081321746,1
-0.058449615,0.23401919,-0.017269453,-0.21726248,0
-0.05376923,0.039148312,-0.021614702,0.06992328,1
-0.052986264,0.23457336,-0.020216238,-0.22950006,0
-0.048294798,0.039746057,-0.024806239,0.056738023,1
-0.047499876,0.23521474,-0.023671478,-0.24366708,0
-0.04279558,0.04043876,-0.028544819,0.04145627,1
-0.04198681,0.23595816,-0.027715694,-0.2600944,0
-0.037267644,0.041242603,-0.03291758,0.0237194,0
-0.03644279,-0.1533922,-0.032443196,0.30583742,1
-0.039510634,0.042176697,-0.026326446,0.0031018243,0
-0.0386671,-0.152558,-0.02626441,0.28736356,1
-0.04171826,0.042928472,-0.020517139,-0.013485855,1
-0.04085969,0.23833856,-0.020786855,-0.31257093,0
-0.03609292,0.04351882,-0.027038274,-0.026515327,0
-0.035222545,-0.15120515,-0.02756858,0.25751558,1
-0.038246647,0.044299316,-0.022418268,-0.043733817,1
-0.03736066,0.23973544,-0.023292946,-0.34340477,0
-0.03256595,0.044952475,-0.03016104,-0.05815708,0
-0.0316669,-0.14972433,-0.03132418,0.22485931,0
-0.03466139,-0.3443849,-0.026826996,0.50749916,1
-0.041549087,-0.14889544,-0.016677013,0.20648426,1
-0.044526998,0.04646097,-0.012547327,-0.09141242,1
-0.043597776,0.24176049,-0.014375576,-0.38802746,0
-0.038762566,0.046845518,-0.022136126,-0.09991149,0
-0.037825655,-0.1479523,-0.024134355,0.18570617,0
-0.0407847,-0.34272078,-0.02042023,0.470679,1
-0.047639117,-0.14731643,-0.011006651,0.17163044,1
-0.050585445,0.047961313,-0.0075740423,-0.12450431,1
-0.04962622,0.24319094,-0.010064129,-0.4195671,0
-0.044762403,0.048213042,-0.018455472,-0.13007388,0
-0.04379814,-0.14663973,-0.021056948,0.15672994,0
-0.046730936,-0.34145397,-0.01792235,0.4426962,1
-0.053560015,-0.14608307,-0.009068426,0.14441803,1
-0.056481678,0.04916757,-0.006180065,-0.15111198,0
-0.055498324,-0.14586535,-0.009202304,0.1396149,1
-0.058415633,0.04938719,-0.0064100064,-0.15595695,0
-0.057427887,-0.1456424,-0.009529145,0.1346969,0
-0.060340736,-0.34062657,-0.006835208,0.42435834,1
-0.06715327,-0.14540847,0.0016519594,0.1295285,1
-0.07006144,0.04968978,0.004242529,-0.16263281,0
-0.06906764,-0.14549264,0.0009898732,0.1313855,1
-0.071977496,0.04961511,0.0036175833,-0.16098496,0
-0.07098519,-0.14555845,0.00039788397,0.13283701,1
-0.07389636,0.04955781,0.0030546242,-0.15972036,0
-0.072905205,-0.14560774,-0.00013978286,0.13392466,0
-0.07581736,-0.3407277,0.0025387104,0.42656347,1
-0.082631916,-0.14564179,0.01106998,0.13468195,1
-0.08554475,0.049319863,0.013763619,-0.1544881,1
-0.08455835,0.24424207,0.010673857,-0.44279733,0
-0.079673514,0.048970718,0.0018179105,-0.14676894,0
-0.0786941,-0.14617722,-0.0011174683,0.14648694,0
-0.08161764,-0.34128314,0.0018122705,0.4388171,1
-0.0884433,-0.14618689,0.010588613,0.14670603,0
-0.09136704,-0.34145886,0.013522734,0.44271055,1
-0.098196216,-0.14653085,0.022376945,0.15432084,1
-0.101126835,0.048263673,0.025463361,-0.13121954,1
-0.10016156,0.24301179,0.02283897,-0.4157616,0
-0.09530132,0.04757372,0.014523739,-0.115966864,0
-0.09434985,-0.14775328,0.012204402,0.18126258,0
-0.09730492,-0.34304774,0.015829653,0.47777045,1
-0.104165874,-0.14815281,0.025385061,0.1901184,1
-0.107128926,0.04659695,0.02918743,-0.09444972,1
-0.10619699,0.24128868,0.027298436,-0.37778303,0
-0.101371214,0.04578987,0.019742776,-0.07661934,0
-0.10045542,-0.14960946,0.018210389,0.22222653,1
-0.10344761,0.045247536,0.022654919,-0.064656936,1
-0.10254265,0.24003747,0.02136178,-0.3501069,0
-0.09774191,0.04461833,0.014359643,-0.05076517,0
-0.09684954,-0.15070654,0.013344339,0.24641353,1
-0.09986367,0.044222303,0.01827261,-0.042030588,0
-0.09897923,-0.15115684,0.017431999,0.25636104,1
-0.10200236,0.043711945,0.022559218,-0.030772971,1
-0.10112812,0.23850325,0.02194376,-0.31625372,0
-0.09635806,0.04307571,0.015618685,-0.016732054,1
-0.09549654,0.23797023,0.015284044,-0.30444646,0
-0.09073714,0.04263384,0.0091951145,-0.006982769,1
-0.08988446,0.23762272,0.009055459,-0.2967504,0
-0.08513201,0.042372856,0.0031204512,-0.0012253454,0
-0.08428455,-0.1527937,0.0030959444,0.29244047,1
-0.08734043,0.042283963,0.0089447545,0.00073558564,1
-0.086494744,0.2372765,0.008959466,-0.2891118,0
-0.081749216,0.042027943,0.0031772298,0.0063833366,1
-0.080908656,0.23710418,0.0033048966,-0.28529546,0
-0.07616658,0.041935254,-0.0024010122,0.008427989,1
-0.075327866,0.23709156,-0.0022324524,-0.28501153,0
-0.07058604,0.042001516,-0.0079326825,0.0069664726,0
-0.06974601,-0.15300578,-0.0077933534,0.297136,1
-0.07280612,0.0422264,-0.001850633,0.00200543,1
-0.0719616,0.23737484,-0.0018105244,-0.2912608,0
-0.0672141,0.04227875,-0.0076357406,0.0008505406,0
-0.06636852,-0.15273286,-0.00761873,0.29111454,1
-0.069423184,0.04249689,-0.0017964388,-0.0039614625,1
-0.068573244,0.23764455,-0.0018756682,-0.29721063,0
-0.063820355,0.042549394,-0.007819881,-0.0051198625,1
-0.062969364,0.23778261,-0.007922279,-0.30025977,0
-0.05821371,0.042774476,-0.013927474,-0.010085857,0
-0.05735822,-0.152145,-0.014129191,0.27817044,1
-0.060401123,0.04317564,-0.008565782,-0.018935107,1
-0.05953761,0.23841938,-0.0089444835,-0.3143083,0
-0.05476922,0.04342598,-0.015230649,-0.024459522,0
-0.0539007,-0.15147428,-0.01571984,0.2633793,1
-0.056930188,0.04386849,-0.010452254,-0.03422007,1
-0.05605282,0.23913875,-0.011136655,-0.33018237,0
-0.05127004,0.044177093,-0.017740302,-0.041032128,0
-0.0503865,-0.15068603,-0.018560946,0.24600118,1
-0.053400222,0.04469603,-0.013640922,-0.052478023,0
-0.0525063,-0.1502277,-0.014690482,0.23587006,1
-0.055510856,0.045101024,-0.009973081,-0.061410256,1
-0.054608833,0.24036454,-0.011201286,-0.357223,0
-0.049801543,0.04540361,-0.018345745,-0.06809306,0
-0.04889347,-0.14945059,-0.019707607,0.2187457,0
-0.051882483,-0.34428534,-0.015332693,0.50514746,1
-0.05876819,-0.14895073,-0.005229744,0.2076723,1
-0.061747205,0.04624562,-0.0010762983,-0.08665575,1
-0.060822293,0.24138299,-0.0028094132,-0.37967807,0
-0.055994634,0.04630104,-0.010402975,-0.087882265,0
-0.055068612,-0.14867026,-0.01216062,0.20150045,0
-0.058042016,-0.3436162,-0.008130611,0.4903226,1
-0.06491434,-0.1483805,0.001675841,0.19508836,1
-0.06788195,0.04671744,0.005577608,-0.09706545,1
-0.0669476,0.241759,0.0036362992,-0.38798344,0
-0.06211242,0.04658563,-0.0041233697,-0.094156235,1
-0.06118071,0.24176644,-0.006006494,-0.38813722,0
-0.05634538,0.046730258,-0.013769239,-0.09735414,0
-0.055410776,-0.14819168,-0.015716322,0.19095302,0
-0.05837461,-0.3430853,-0.011897261,0.47863695,1
-0.065236315,-0.14779742,-0.0023245225,0.18222815,1
-0.068192266,0.047357712,0.0013200406,-0.111187175,1
-0.06724511,0.24246073,-0.00090370286,-0.40345335,0
-0.062395893,0.0473516,-0.00897277,-0.11105546,0
-0.06144886,-0.14764063,-0.011193879,0.17878315,0
-0.06440168,-0.3426006,-0.007618216,0.4679139,1
-0.07125369,-0.14737187,0.0017400617,0.17283952,1
-0.07420112,0.047725126,0.005196852,-0.11929396,1
-0.07324662,0.24277224,0.002810973,-0.4103328,0
-0.06839118,0.047610544,-0.005395683,-0.116765,0
-0.06743897,-0.14743368,-0.007730983,0.17421076,0
-0.07038764,-0.34244415,-0.0042467676,0.46444482,1
-0.077236526,-0.14726244,0.0050421287,0.17042635,1
-0.08018177,0.047786985,0.008450656,-0.120661676,1
-0.07922603,0.24278685,0.006037422,-0.41066656,0
-0.074370295,0.04757983,-0.002175909,-0.11608638,0
-0.0734187,-0.14751089,-0.0044976366,0.17590927,0
-0.07636891,-0.3425682,-0.0009794512,0.46716997,1
-0.08322028,-0.1474324,0.008363948,0.17417848,1
-0.08616893,0.047568854,0.011847517,-0.1158542,1
-0.08521755,0.24251907,0.009530433,-0.40477592,0
-0.08036717,0.04726326,0.0014349152,-0.1091036,0
-0.07942191,-0.14787923,-0.00074715674,0.1840317,0
-0.08237949,-0.3429905,0.002933477,0.47647882,1
-0.0892393,-0.14791007,0.012463054,0.18472192,1
-0.0921975,0.047031365,0.016157491,-0.10400348,1
-0.09125687,0.24191809,0.014077422,-0.3915453,0
-0.08641851,0.046599206,0.006246516,-0.094457395,0
-0.085486524,-0.14861172,0.004357368,0.20018974,0
-0.08845876,-0.34379572,0.008361163,0.494244,1
-0.09533468,-0.14879267,0.018246043,0.20420784,1
-0.09831053,0.046063654,0.0223302,-0.08266397,1
-0.09738926,0.24085851,0.02067692,-0.36821887,0
-0.092572086,0.04544895,0.013312544,-0.0690886,0
-0.09166311,-0.1498613,0.011930771,0.22776459,1
-0.094660334,0.04508813,0.016486064,-0.061131187,1
-0.09375857,0.23996988,0.01526344,-0.3485674,0
-0.08895917,0.044634197,0.008292092,-0.051110733,0
-0.08806649,-0.15060566,0.007269877,0.24417683,1
-0.0910786,0.044411696,0.012153414,-0.046204146,0
-0.090190366,-0.1508824,0.011229331,0.25028837,1
-0.093208015,0.044077408,0.016235098,-0.03883154,1
-0.09232647,0.23896283,0.015458467,-0.32634825,0
-0.08754721,0.043624237,0.008931503,-0.028830754,1
-0.08667473,0.23861697,0.008354887,-0.31868237,0
-0.081902385,0.043377034,0.0019812405,-0.023376364,0
-0.08103485,-0.15177327,0.0015137132,0.26993102,1
-0.08407031,0.04332704,0.0069123334,-0.022274103,1
-0.08320377,0.23834918,0.006466851,-0.31276813,0
-0.078436784,0.043135706,0.00021148892,-0.018052783,0
-0.077574074,-0.15198928,-0.00014956674,0.27469686,1
-0.08061386,0.04313481,0.0053443704,-0.018033233,1
-0.07975116,0.23817971,0.004983706,-0.30902517,0
-0.07498757,0.042987105,-0.0011967975,-0.014774694,0
-0.07412782,-0.15211767,-0.0014922913,0.2775304,1
-0.07717018,0.043025546,0.0040583163,-0.015622832,1
-0.076309666,0.23808905,0.0037458597,-0.30702254,0
-0.07154789,0.042913936,-0.0023945915,-0.013160638,1
-0.07068961,0.23807015,-0.0026578042,-0.30659813,0
-0.065928206,0.04298617,-0.008789767,-0.014754584,0
-0.06506848,-0.15200864,-0.009084858,0.27514216,1
-0.068108656,0.043241754,-0.0035820152,-0.020392245,1
-0.06724382,0.23841488,-0.00398986,-0.31420317,0
-0.06247552,0.043350004,-0.010273924,-0.022781195,0
-0.061608523,-0.15162311,-0.010729548,0.26664257,1
-0.064640984,0.04365031,-0.0053966963,-0.029405141,1
-0.06376798,0.23884924,-0.005984799,-0.3237859,0
-0.058990993,0.043813013,-0.012460517,-0.03299631,0
-0.058114734,-0.15112805,-0.013120443,0.2557293,1
-0.061137293,0.044178747,-0.0080058575,-0.041062992,1
-0.06025372,0.23941459,-0.008827117,-0.33626106,0
-0.055465426,0.044419356,-0.015552338,-0.04637475,0
-0.05457704,-0.15047617,-0.016479833,0.24136099,1
-0.057586566,0.04487726,-0.011652613,-0.056474227,0
-0.05668902,-0.15007569,-0.012782098,0.23250955,1
-0.05969053,0.045226548,-0.008131906,-0.06417771,1
-0.058786,0.24046414,-0.009415461,-0.35941517,0
-0.05397672,0.04547729,-0.016603764,-0.06971596,0
-0.053067174,-0.14940272,-0.017998083,0.2176825,0
-0.05605523,-0.34426284,-0.013644434,0.50463414,1
-0.062940486,-0.14895128,-0.0035517502,0.20768276,1
-0.06591951,0.046221286,0.0006019048,-0.08611845,1
-0.06499509,0.2413346,-0.0011204642,-0.37861142,0
-0.060168393,0.04622858,-0.008692692,-0.086281985,0
-0.05924382,-0.1487677,-0.010418332,0.20364577,0
-0.062219173,-0.34373912,-0.006345417,0.49302408,1
-0.06909396,-0.14852825,0.003515065,0.19834813,1
-0.07206452,0.046543255,0.0074820276,-0.09322388,1
-0.07113366,0.24155717,0.00561755,-0.38353688,0
-0.066302516,0.046355914,-0.0020531875,-0.08908805,1
-0.065375395,0.24150723,-0.0038349484,-0.38241807,0
-0.06054525,0.046439946,-0.01148331,-0.09094674,0
-0.05961645,-0.14851554,-0.013302244,0.1980912,0
-0.06258676,-0.34344473,-0.00934042,0.48654836,1
-0.06945565,-0.14819224,0.00039054648,0.19093634,1
-0.0724195,0.046924125,0.0042092735,-0.10162336,1
-0.07148102,0.2419855,0.0021768063,-0.3929753,0
-0.06664131,0.046832725,-0.0056827,-0.09960685,0
-0.06570465,-0.14820732,-0.0076748366,0.19127779,0
-0.0686688,-0.34321865,-0.003849281,0.48152977,1
-0.075533174,-0.14804257,0.005781315,0.18763615,1
-0.07849403,0.04699619,0.009534038,-0.10321741,1
-0.0775541,0.24198022,0.0074696895,-0.3928772,0
-0.0727145,0.04675307,-0.0003878543,-0.097848564,0
-0.07177944,-0.14836332,-0.0023448255,0.19471197,0
-0.0747467,-0.34345165,0.0015494138,0.48665428,1
-0.08161573,-0.1483516,0.011282499,0.19446008,1
-0.08458277,0.04660716,0.015171701,-0.09464246,1
-0.083650626,0.24150841,0.013278852,-0.38250038,0
-0.07882045,0.046200458,0.0056288443,-0.08566041,1
-0.077896446,0.24124128,0.003915636,-0.37656212,0
-0.07307162,0.04606393,-0.0036156066,-0.08264716,0
-0.07215034,-0.14900601,-0.00526855,0.20889285,0
-0.07513046,-0.34405223,-0.0010906929,0.49990916,1
-0.082011506,-0.14891492,0.00890749,0.20688272,1
-0.08498981,0.046078533,0.013045145,-0.082977094,1
-0.08406823,0.24101108,0.011385603,-0.37151587,0
-0.07924801,0.045729242,0.0039552855,-0.075264804,0
-0.07833343,-0.14944918,0.0024499896,0.21866341,0
-0.08132241,-0.34460607,0.0068232575,0.51211816,1
-0.08821453,-0.1495809,0.01706562,0.22159322,1
-0.09120615,0.045293022,0.021497484,-0.06565805,1
-0.09030029,0.24010026,0.020184325,-0.35148162,1
-0.08549829,0.43492946,0.013154692,-0.6377321,0
-0.0767997,0.23962656,0.00040005014,-0.3409357,0
-0.072007164,0.044498913,-0.006418664,-0.048126664,0
-0.071117185,-0.15053041,-0.0073811975,0.24252422,0
-0.07412779,-0.34554616,-0.0025307129,0.5328698,1
-0.08103872,-0.1503887,0.0081266835,0.23939055,1
-0.08404649,0.044616215,0.012914495,-0.05071795,1
-0.08315417,0.23955062,0.011900135,-0.33929843,1
-0.07836316,0.43450123,0.005114167,-0.6282051,0
-0.06967313,0.2393083,-0.0074499347,-0.33391595,0
-0.064886965,0.04429316,-0.014128254,-0.04359162,0
-0.0640011,-0.15062338,-0.015000086,0.24460045,0
-0.06701357,-0.34552792,-0.010108077,0.53251445,1
-0.073924124,-0.15026525,0.00054221245,0.23666374,1
-0.076929435,0.04484895,0.0052754874,-0.055848103,1
-0.07603245,0.23989487,0.0041585253,-0.34686193,0
-0.071234554,0.044714008,-0.0027787131,-0.05287056,0
-0.070340276,-0.15036799,-0.0038361242,0.23893437,1
-0.073347636,0.04480855,0.00094256306,-0.054956112,1
-0.072451465,0.23991698,-0.00015655921,-0.3473415,0
-0.06765313,0.04479725,-0.007103389,-0.05470795,0
-0.06675718,-0.15022214,-0.008197548,0.23572536,0
-0.06976163,-0.34522602,-0.003483041,0.5258113,1
-0.07666615,-0.15005521,0.007033185,0.23203288,1
-0.07966725,0.04496553,0.011673843,-0.058423273,1
-0.07876794,0.23991817,0.010505377,-0.34740028,1
-0.07396957,0.43488914,0.0035573714,-0.63675207,0
-0.06527179,0.23971775,-0.00917767,-0.34295097,0
-0.060477436,0.044727568,-0.01603669,-0.05317621,0
-0.059582885,-0.1501608,-0.017100213,0.23440419,0
-0.0625861,-0.3450343,-0.01241213,0.5216445,1
-0.06948679,-0.14973988,-0.00197924,0.22507632,1
-0.07248159,0.045410313,0.0025222863,-0.068230286,1
-0.07157338,0.24049601,0.0011576804,-0.36011636,0
-0.06676346,0.045357622,-0.0060446467,-0.06706861,0
-0.06585631,-0.14967714,-0.0073860185,0.22370109,0
-0.06884985,-0.34469277,-0.002911997,0.51404506,1
-0.075743705,-0.14952992,0.007368904,0.2204459,1
-0.0787343,0.045485932,0.011777822,-0.069903485,1
-0.077824585,0.24043706,0.010379753,-0.3588473,1
-0.07301584,0.43540993,0.0032028067,-0.64823925,0
-0.064307645,0.24024351,-0.009761979,-0.3545495,0
-0.059502773,0.04526171,-0.01685297,-0.06496072,0
-0.05859754,-0.1496146,-0.018152183,0.22235772,0
-0.06158983,-0.34447247,-0.013705028,0.5092599,1
-0.06847928,-0.14916015,-0.0035198305,0.21228978,0
-0.07146248,-0.3442316,0.00072596496,0.5038603,1
-0.07834712,-0.14911988,0.010803171,0.21140625,1
-0.08132951,0.045845956,0.015031296,-0.077849366,1
-0.0804126,0.24074924,0.013474309,-0.36575222,1
-0.07559761,0.43567714,0.006159264,-0.6541562,0
-0.06688406,0.24046998,-0.00692386,-0.3595402,0
-0.062074665,0.045447126,-0.014114664,-0.06904854,0
-0.061165724,-0.14946966,-0.015495635,0.21914794,0
-0.06415512,-0.3443667,-0.011112676,0.5069029,1
-0.07104245,-0.14908995,-0.0009746184,0.21073878,1
-0.07402425,0.04604592,0.003240157,-0.08225144,1
-0.07310333,0.24112128,0.0015951282,-0.37391034,0
-0.068280905,0.045976702,-0.005883078,-0.08072487,0
-0.06736137,-0.14906043,-0.0074975756,0.21009614,0
-0.07034258,-0.34407437,-0.003295653,0.5004046,1
-0.07722407,-0.14890611,0.0067124385,0.20668486,1
-0.08020219,0.04611921,0.010846135,-0.08387309,1
-0.0792798,0.24108402,0.009168673,-0.3731144,0
-0.07445813,0.04583303,0.0017063856,-0.07755468,0
-0.07354146,-0.14931335,0.00015529201,0.21566613,1
-0.07652773,0.04580639,0.0044686147,-0.076967806,1
-0.075611606,0.240864,0.0029292584,-0.36823753,0
-0.07079432,0.045700543,-0.004435492,-0.074632406,0
-0.069880314,-0.14935754,-0.00592814,0.2166478,0
-0.07286747,-0.34439424,-0.0015951842,0.5074549,1
-0.07975535,-0.14924985,0.008553913,0.21426967,1
-0.082740344,0.045748767,0.012839306,-0.07570275,1
-0.08182537,0.24068433,0.011325251,-0.36430734,0
-0.07701168,0.045403264,0.004039105,-0.06807497,1
-0.07610362,0.24046707,0.0026776055,-0.3594808,0
-0.07129428,0.045307163,-0.0045120106,-0.065954775,0
-0.07038814,-0.1497498,-0.005831106,0.22530118,0
-0.07338313,-0.34478793,-0.0013250826,0.5161391,1
-0.08027889,-0.14964736,0.008997698,0.22303887,1
-0.08327184,0.04534485,0.013458476,-0.0667923,1
-0.08236494,0.24027129,0.01212263,-0.3551988,1
-0.077559516,0.43521878,0.005018654,-0.6440346,0
-0.06885514,0.24002725,-0.007862039,-0.34977552,0
-0.06405459,0.045018,-0.014857549,-0.05958209,0
-0.063154235,-0.14988782,-0.016049191,0.22837639,0
-0.06615199,-0.34477678,-0.011481663,0.51595396,1
-0.073047526,-0.14949504,-0.001162584,0.21967511,0
-0.07603743,-0.34460035,0.003230918,0.5119911,1
-0.08292943,-0.14952406,0.01347074,0.22032806,1
-0.08591992,0.045402773,0.017877301,-0.06807539,1
-0.08501186,0.24026392,0.016515793,-0.35506475,1
-0.08020658,0.4351472,0.009414498,-0.6424944,0
-0.07150364,0.23989528,-0.0034353896,-0.3468617,0
-0.06670573,0.044822372,-0.010372623,-0.05526403,0
-0.06580928,-0.15014933,-0.011477903,0.23412828,0
-0.06881227,-0.3451054,-0.006795338,0.52316874,1
-0.07571438,-0.14988849,0.0036680365,0.22835228,1
-0.07871215,0.045180853,0.008235082,-0.06317136,1
-0.07780853,0.24018377,0.006971655,-0.35324472,1
-0.07300486,0.4352059,-9.323944e-05,-0.64372116,0
-0.06430074,0.24008524,-0.012967663,-0.3510676,0
-0.059499033,0.045150086,-0.019989014,-0.06250183,0
-0.05859603,-0.14967965,-0.021239052,0.22380802,0
-0.061589625,-0.3444917,-0.016762892,0.5097164,1
-0.068479456,-0.14913766,-0.0065685636,0.21179841,0
-0.071462214,-0.3441651,-0.0023325952,0.50240207,1
-0.078345515,-0.14901033,0.007715447,0.20898499,1
-0.08132572,0.046000455,0.011895146,-0.08125417,1
-0.08040571,0.24094988,0.010270063,-0.37016055,0
-0.075586714,0.04568354,0.002866852,-0.07425712,1
-0.07467304,0.24076428,0.0013817098,-0.36603415,0
-0.069857754,0.045622714,-0.0059389733,-0.07291588,0
-0.0689453,-0.14941359,-0.0073972913,0.21788737,0
-0.071933575,-0.34442902,-0.0030395437,0.5082277,1
-0.07882215,-0.14926438,0.0071250107,0.2145885,1
-0.08180744,0.04575499,0.011416781,-0.0758384,1
-0.08089234,0.24071142,0.009900013,-0.36489755,0
-0.07607812,0.045450192,0.002602062,-0.06910948,0
-0.07516911,-0.14970897,0.0012198723,0.22439328,1
-0.07816329,0.045395527,0.0057077375,-0.06790461,1
-0.077255376,0.24043518,0.0043496457,-0.35878125,0
-0.072446674,0.045251667,-0.0028259798,-0.064729966,0
-0.071541645,-0.14982966,-0.004120579,0.22706,0
-0.07453823,-0.34489247,0.00042062099,0.5184403,1
-0.08143608,-0.14977644,0.010789427,0.22588995,1
-0.08443161,0.045189656,0.015307226,-0.063370146,1
-0.08352782,0.24008884,0.014039823,-0.35118452,1
-0.078726046,0.43500835,0.007016133,-0.6394074,0
-0.070025876,0.23978926,-0.0057720146,-0.34452325,0
-0.065230094,0.044749904,-0.01266248,-0.053666048,0
-0.06433509,-0.15018822,-0.013735801,0.23499502,0
-0.067338854,-0.34511125,-0.0090359,0.5233138,1
-0.07424108,-0.1498633,0.0014303756,0.2277973,1
-0.07723835,0.045238182,0.0059863217,-0.06443409,1
-0.07633358,0.24027379,0.00469764,-0.35522228,0
-0.07152811,0.045085367,-0.002406806,-0.061061785,0
-0.0706264,-0.15000199,-0.0036280418,0.2308608,1
-0.073626444,0.04517161,0.0009891744,-0.06296432,1
-0.07272301,0.24027936,-0.00027011192,-0.355335,0
-0.06791742,0.04516126,-0.007376812,-0.06273725,0
-0.067014195,-0.14985415,-0.008631556,0.22760914,0
-0.07001128,-0.3448517,-0.0040793736,0.5175569,1
-0.07690831,-0.14967255,0.0062717646,0.2235913,1
-0.07990176,0.045359205,0.010743591,-0.067106694,1
-0.07899458,0.2403255,0.009401456,-0.35638067,1
-0.07418807,0.4353125,0.0022738432,-0.6460843,0
-0.06548182,0.24015896,-0.010647844,-0.35268623,0
